[
  {
    "value": "where NRT",
    "synonyms": [
      "where NRT"
    ]
  },
  {
    "value": "how much is the price for NRT",
    "synonyms": [
      "how much is the price for NRT"
    ]
  },
  {
    "value": "how to get NRT",
    "synonyms": [
      "how to get NRT"
    ]
  },
  {
    "value": "nicotine replacement therapy",
    "synonyms": [
      "nicotine replacement therapy"
    ]
  },
  {
    "value": "where to find NRT",
    "synonyms": [
      "where to find NRT"
    ]
  },
  {
    "value": "where to get nrt",
    "synonyms": [
      "where to get nrt"
    ]
  },
  {
    "value": "i need NRT",
    "synonyms": [
      "i need NRT"
    ]
  },
  {
    "value": "nrt",
    "synonyms": [
      "nrt"
    ]
  },
  {
    "value": "is nrt expensive?",
    "synonyms": [
      "is nrt expensive?"
    ]
  },
  {
    "value": "where can i get nrt",
    "synonyms": [
      "where can i get nrt"
    ]
  },
  {
    "value": "what is the price of the NRT",
    "synonyms": [
      "what is the price of the NRT"
    ]
  }
]