[
  {
    "id": "59e9c22c-9071-478e-87a0-e65295d59951",
    "data": [
      {
        "text": "heyy",
        "userDefined": false
      }
    ],
    "isTemplate": false,
    "count": 0
  },
  {
    "id": "a3d925e0-b5b9-4138-981c-c9176c0e914e",
    "data": [
      {
        "text": "can i ask question?",
        "userDefined": false
      }
    ],
    "isTemplate": false,
    "count": 0
  },
  {
    "id": "c309c890-0d6d-48b1-8788-8d9bb6dd777b",
    "data": [
      {
        "text": "Doctor ",
        "userDefined": false
      },
      {
        "text": "vic",
        "meta": "@sys.ignore",
        "userDefined": false
      }
    ],
    "isTemplate": false,
    "count": 0
  },
  {
    "id": "e51b7c66-1595-40c7-9ec2-73d56761fad5",
    "data": [
      {
        "text": "hi",
        "userDefined": false
      }
    ],
    "isTemplate": false,
    "count": 0
  },
  {
    "id": "748df2ed-cffe-425d-b98f-ebf44a413bc6",
    "data": [
      {
        "text": "i need help",
        "userDefined": false
      }
    ],
    "isTemplate": false,
    "count": 0
  },
  {
    "id": "616ef2ca-55c7-4019-b783-396ed17b659f",
    "data": [
      {
        "text": "can you help me?",
        "userDefined": false
      }
    ],
    "isTemplate": false,
    "count": 0
  },
  {
    "id": "c2307c9d-154d-4095-a8d9-df9962c3124d",
    "data": [
      {
        "text": "hello",
        "userDefined": false
      }
    ],
    "isTemplate": false,
    "count": 0
  },
  {
    "id": "4c2a0ccd-7a15-47bf-89b3-4d4e3ef24370",
    "data": [
      {
        "text": "i would like to know how to stop smoking",
        "userDefined": false
      }
    ],
    "isTemplate": false,
    "count": 0
  },
  {
    "id": "e595d948-2082-4e09-a072-fff49d89e777",
    "data": [
      {
        "text": "heeyyy",
        "userDefined": false
      }
    ],
    "isTemplate": false,
    "count": 0
  },
  {
    "id": "e1dfdaba-df7f-46a4-8271-d3955551b73d",
    "data": [
      {
        "text": "anyone there?",
        "userDefined": false
      }
    ],
    "isTemplate": false,
    "count": 0
  },
  {
    "id": "c6003df5-e6f7-41d7-b764-a82f90ea0041",
    "data": [
      {
        "text": "hey Doctor ",
        "userDefined": false
      },
      {
        "text": "Vic",
        "meta": "@sys.ignore",
        "userDefined": false
      }
    ],
    "isTemplate": false,
    "count": 0
  }
]