[
  {
    "id": "3f6a7dac-b8d3-4d21-8c03-83bc6b0b1b9b",
    "data": [
      {
        "text": "tell me about ",
        "userDefined": false
      },
      {
        "text": "cold turkey",
        "alias": "cold_turkey",
        "meta": "@cold_turkey",
        "userDefined": false
      }
    ],
    "isTemplate": false,
    "count": 0
  },
  {
    "id": "2a323fef-76de-4b81-9124-f1a0e1c26f44",
    "data": [
      {
        "text": "what is ",
        "userDefined": false
      },
      {
        "text": "cold turkey",
        "alias": "cold_turkey",
        "meta": "@cold_turkey",
        "userDefined": true
      },
      {
        "text": "?",
        "userDefined": false
      }
    ],
    "isTemplate": false,
    "count": 0,
    "updated": 1515746340
  },
  {
    "id": "3ae1105c-eace-4a19-a8c0-b2000faaf279",
    "data": [
      {
        "text": "what do you mean by ",
        "userDefined": false
      },
      {
        "text": "cold turkey",
        "alias": "cold_turkey",
        "meta": "@cold_turkey",
        "userDefined": false
      }
    ],
    "isTemplate": false,
    "count": 0
  },
  {
    "id": "b1272757-bb2b-4579-8da0-4dd480813fa4",
    "data": [
      {
        "text": "first",
        "alias": "cold_turkey",
        "meta": "@cold_turkey",
        "userDefined": false
      }
    ],
    "isTemplate": false,
    "count": 0
  },
  {
    "id": "c5900c39-d608-46e6-b775-7d108911d314",
    "data": [
      {
        "text": "first point",
        "alias": "cold_turkey",
        "meta": "@cold_turkey",
        "userDefined": true
      }
    ],
    "isTemplate": false,
    "count": 0
  },
  {
    "id": "5697f98c-c62e-4333-be50-f6f4fb46e08e",
    "data": [
      {
        "text": "explain more on ",
        "userDefined": false
      },
      {
        "text": "cold turkey",
        "alias": "cold_turkey",
        "meta": "@cold_turkey",
        "userDefined": false
      }
    ],
    "isTemplate": false,
    "count": 0
  },
  {
    "id": "e3e377f1-4d8c-4d19-a2e6-9563efdafb13",
    "data": [
      {
        "text": "cold turkey",
        "alias": "cold_turkey",
        "meta": "@cold_turkey",
        "userDefined": false
      }
    ],
    "isTemplate": false,
    "count": 0
  }
]