[
  {
    "id": "04484615-935c-40ca-b37c-a5d0c87541b7",
    "data": [
      {
        "text": "how to cold turkey",
        "alias": "cold_turkey",
        "meta": "@cold_turkey",
        "userDefined": false
      },
      {
        "text": "?",
        "userDefined": false
      }
    ],
    "isTemplate": false,
    "count": 0
  },
  {
    "id": "520c8949-9885-408a-86aa-b62e43e319ba",
    "data": [
      {
        "text": "how to cold turkey",
        "alias": "cold_turkey",
        "meta": "@cold_turkey",
        "userDefined": false
      }
    ],
    "isTemplate": false,
    "count": 0,
    "updated": 1515747252
  },
  {
    "id": "cca12349-d674-4774-a280-c6a53541e13a",
    "data": [
      {
        "text": "how to go full ",
        "userDefined": false
      },
      {
        "text": "turkey",
        "alias": "cold_turkey",
        "meta": "@cold_turkey",
        "userDefined": false
      },
      {
        "text": "?",
        "userDefined": false
      }
    ],
    "isTemplate": false,
    "count": 1
  },
  {
    "id": "bfc3fc95-c668-4221-8937-d4d7fb210677",
    "data": [
      {
        "text": "what is the best way for cold turkey",
        "alias": "cold_turkey",
        "meta": "@cold_turkey",
        "userDefined": false
      }
    ],
    "isTemplate": false,
    "count": 0
  },
  {
    "id": "ab6df9c6-1d9b-4ce2-9d25-9c505c9c531f",
    "data": [
      {
        "text": "how do i cold turkey",
        "alias": "cold_turkey",
        "meta": "@cold_turkey",
        "userDefined": false
      }
    ],
    "isTemplate": false,
    "count": 0
  },
  {
    "id": "48abb442-c111-4b37-aba5-1ba30550c163",
    "data": [
      {
        "text": "how can i do ",
        "userDefined": false
      },
      {
        "text": "cold turkey",
        "alias": "cold_turkey",
        "meta": "@cold_turkey",
        "userDefined": false
      },
      {
        "text": "?",
        "userDefined": false
      }
    ],
    "isTemplate": false,
    "count": 0
  },
  {
    "id": "fafaad93-622f-4685-b006-2c8fe8bd3a43",
    "data": [
      {
        "text": "how to do it?",
        "userDefined": false
      }
    ],
    "isTemplate": false,
    "count": 0
  },
  {
    "id": "b8ee239a-0529-44b3-a84e-fe8e30b1a9dd",
    "data": [
      {
        "text": "how can i cold turkey",
        "alias": "cold_turkey",
        "meta": "@cold_turkey",
        "userDefined": false
      }
    ],
    "isTemplate": false,
    "count": 0
  },
  {
    "id": "973fa2eb-f5f5-4261-8650-6d93d4829282",
    "data": [
      {
        "text": "Dr. vic how do i do cold turkey",
        "alias": "cold_turkey",
        "meta": "@cold_turkey",
        "userDefined": false
      },
      {
        "text": "?",
        "userDefined": false
      }
    ],
    "isTemplate": false,
    "count": 0
  }
]