[
  {
    "id": "0d8e2d99-d549-4464-8558-313b40909fa5",
    "data": [
      {
        "text": "yeah",
        "userDefined": false
      }
    ],
    "isTemplate": false,
    "count": 0,
    "updated": 1515748604
  },
  {
    "id": "275b82b8-a0b4-41e6-8078-adcc01bdb289",
    "data": [
      {
        "text": "please proceed",
        "userDefined": false
      }
    ],
    "isTemplate": false,
    "count": 0,
    "updated": 1515748604
  },
  {
    "id": "b8ad0052-9675-448e-adce-d1dff3aeb3b6",
    "data": [
      {
        "text": "please continue",
        "userDefined": false
      }
    ],
    "isTemplate": false,
    "count": 0,
    "updated": 1515748604
  },
  {
    "id": "617b27e4-15c9-42e1-bdc2-546ac3b16388",
    "data": [
      {
        "text": "explain to me",
        "userDefined": false
      }
    ],
    "isTemplate": false,
    "count": 0,
    "updated": 1515748604
  },
  {
    "id": "bf6f3b51-a555-41d3-9bc1-d3238f2c5e83",
    "data": [
      {
        "text": "explain more",
        "userDefined": false
      }
    ],
    "isTemplate": false,
    "count": 0,
    "updated": 1515748604
  },
  {
    "id": "c16fa3cb-7830-426c-9b77-bcf6d850f747",
    "data": [
      {
        "text": "okay",
        "userDefined": false
      }
    ],
    "isTemplate": false,
    "count": 0,
    "updated": 1515748604
  },
  {
    "id": "eb345a79-21b7-49a0-aa33-e5b226cbd126",
    "data": [
      {
        "text": "i would love to",
        "userDefined": false
      }
    ],
    "isTemplate": false,
    "count": 0,
    "updated": 1515748604
  },
  {
    "id": "56814667-8216-45b8-ab69-433f5aeb2016",
    "data": [
      {
        "text": "yes sure",
        "userDefined": false
      }
    ],
    "isTemplate": false,
    "count": 0,
    "updated": 1515748604
  },
  {
    "id": "9544bba4-f7d8-46a1-b217-0727b930c57b",
    "data": [
      {
        "text": "continue",
        "userDefined": false
      }
    ],
    "isTemplate": false,
    "count": 0,
    "updated": 1515748604
  }
]