[
  {
    "id": "76a29b07-604c-45fb-873f-c8286c80defd",
    "data": [
      {
        "text": "no, it\u0027s okay",
        "userDefined": false
      }
    ],
    "isTemplate": false,
    "count": 0
  },
  {
    "id": "62920ecb-6e87-45ea-bdd3-7b57c30dafa1",
    "data": [
      {
        "text": "you don\u0027t need to",
        "userDefined": false
      }
    ],
    "isTemplate": false,
    "count": 0
  },
  {
    "id": "eed0b4df-0cba-478f-b890-8f3deb290c0d",
    "data": [
      {
        "text": "no",
        "userDefined": false
      }
    ],
    "isTemplate": false,
    "count": 0
  },
  {
    "id": "a14298c1-4e8a-4b7a-85f2-ffa3095ce483",
    "data": [
      {
        "text": "stop",
        "userDefined": false
      }
    ],
    "isTemplate": false,
    "count": 0
  },
  {
    "id": "397a96bd-c642-4eaf-a2c4-55081e43e870",
    "data": [
      {
        "text": "no, i\u0027m fine",
        "userDefined": false
      }
    ],
    "isTemplate": false,
    "count": 0
  },
  {
    "id": "6a296389-36ec-436a-9c5c-83bb4003e7a3",
    "data": [
      {
        "text": "no thanks",
        "userDefined": false
      }
    ],
    "isTemplate": false,
    "count": 0
  },
  {
    "id": "6ca97892-ed34-4d5d-b62c-ccec549b7727",
    "data": [
      {
        "text": "nope",
        "userDefined": false
      }
    ],
    "isTemplate": false,
    "count": 0
  },
  {
    "id": "1b9c8264-1f81-49e3-95e5-e5800d567210",
    "data": [
      {
        "text": "don\u0027t continue",
        "userDefined": false
      }
    ],
    "isTemplate": false,
    "count": 0
  },
  {
    "id": "8eeef04c-5f73-41fe-abcc-07186f519415",
    "data": [
      {
        "text": "no, i already know it",
        "userDefined": false
      }
    ],
    "isTemplate": false,
    "count": 0
  },
  {
    "id": "d05ca319-8ee0-487c-9093-84f2efc5df87",
    "data": [
      {
        "text": "i don\u0027t want to",
        "userDefined": false
      }
    ],
    "isTemplate": false,
    "count": 1
  },
  {
    "id": "1e09c568-8629-43cc-9088-8d8d484e145e",
    "data": [
      {
        "text": "no thank you",
        "userDefined": false
      }
    ],
    "isTemplate": false,
    "count": 1
  }
]