[
  {
    "id": "e668f186-23e9-4182-8985-676e8b9e5464",
    "data": [
      {
        "text": "how to do it?",
        "userDefined": false
      }
    ],
    "isTemplate": false,
    "count": 0
  },
  {
    "id": "e917a61d-136e-4130-9962-f1ee5ec9ae15",
    "data": [
      {
        "text": "sure",
        "userDefined": false
      }
    ],
    "isTemplate": false,
    "count": 0
  },
  {
    "id": "a746cb34-50d9-4dcc-83b7-ca959fce63df",
    "data": [
      {
        "text": "yes",
        "userDefined": false
      }
    ],
    "isTemplate": false,
    "count": 0
  },
  {
    "id": "9228271f-95a2-4e03-bd78-9c375b1d8bdf",
    "data": [
      {
        "text": "i want to know",
        "userDefined": false
      }
    ],
    "isTemplate": false,
    "count": 0
  },
  {
    "id": "df0b3d24-399a-440c-8568-7f3247486486",
    "data": [
      {
        "text": "yeah okay",
        "userDefined": false
      }
    ],
    "isTemplate": false,
    "count": 0
  },
  {
    "id": "74c5d48d-6129-4f87-932d-e04d1bf6c238",
    "data": [
      {
        "text": "yes i want to",
        "userDefined": false
      }
    ],
    "isTemplate": false,
    "count": 0
  },
  {
    "id": "b18d97d7-f48e-4a1a-be51-ce293c049629",
    "data": [
      {
        "text": "i would love to know about it",
        "userDefined": false
      }
    ],
    "isTemplate": false,
    "count": 0
  },
  {
    "id": "3324fd03-2b42-486f-9c7d-ab6ca21ada60",
    "data": [
      {
        "text": "okay",
        "userDefined": false
      }
    ],
    "isTemplate": false,
    "count": 0
  },
  {
    "id": "a1ca0ad7-ba2d-4e09-82a1-07c9cc0f77d9",
    "data": [
      {
        "text": "yes please",
        "userDefined": false
      }
    ],
    "isTemplate": false,
    "count": 0
  },
  {
    "id": "5b94a164-3c1b-4511-b0cc-6ee1a4d80dce",
    "data": [
      {
        "text": "how?",
        "userDefined": false
      }
    ],
    "isTemplate": false,
    "count": 0
  },
  {
    "id": "ff1d9d39-b0c4-4483-a369-3552b37c809c",
    "data": [
      {
        "text": "i would love to",
        "userDefined": false
      }
    ],
    "isTemplate": false,
    "count": 0
  }
]