[
  {
    "id": "3fc4aa21-0c11-4e40-ba99-c8c3584f3c3c",
    "data": [
      {
        "text": "what is the ",
        "userDefined": false
      },
      {
        "text": "second point",
        "alias": "NRT",
        "meta": "@NRT",
        "userDefined": false
      },
      {
        "text": "?",
        "userDefined": false
      }
    ],
    "isTemplate": false,
    "count": 0
  },
  {
    "id": "1951fb40-5ee7-4e90-9a43-ea13b5485dff",
    "data": [
      {
        "text": "explain ",
        "userDefined": false
      },
      {
        "text": "NRT",
        "alias": "NRT",
        "meta": "@NRT",
        "userDefined": false
      }
    ],
    "isTemplate": false,
    "count": 0
  },
  {
    "id": "3957dfe7-e5ca-446c-bd3e-a98b6d9070a3",
    "data": [
      {
        "text": "what do you mean by NRT",
        "alias": "NRT",
        "meta": "@NRT",
        "userDefined": true
      },
      {
        "text": "?",
        "userDefined": false
      }
    ],
    "isTemplate": false,
    "count": 0,
    "updated": 1515749598
  },
  {
    "id": "82fd9faa-303e-4a56-8777-3fb39081a3d5",
    "data": [
      {
        "text": "what is NRT?",
        "alias": "NRT",
        "meta": "@NRT",
        "userDefined": true
      }
    ],
    "isTemplate": false,
    "count": 0,
    "updated": 1515749598
  },
  {
    "id": "945aa59c-9ea0-45ae-9dd7-597f9c89f2e9",
    "data": [
      {
        "text": "explain more about NRT",
        "alias": "NRT",
        "meta": "@NRT",
        "userDefined": true
      }
    ],
    "isTemplate": false,
    "count": 0
  },
  {
    "id": "e417465e-3e56-4837-a6b6-7957fc03e480",
    "data": [
      {
        "text": "explain what is ",
        "userDefined": false
      },
      {
        "text": "NRT",
        "alias": "NRT",
        "meta": "@NRT",
        "userDefined": false
      }
    ],
    "isTemplate": false,
    "count": 0
  },
  {
    "id": "4b105a0c-ee54-42d7-8f03-57bade5042ce",
    "data": [
      {
        "text": "what is nicotine replacement therapy?",
        "alias": "NRT",
        "meta": "@NRT",
        "userDefined": true
      }
    ],
    "isTemplate": false,
    "count": 0,
    "updated": 1515749598
  },
  {
    "id": "b99a755b-e43e-4c4e-8f69-c64483af2907",
    "data": [
      {
        "text": "NRT",
        "alias": "NRT",
        "meta": "@NRT",
        "userDefined": true
      },
      {
        "text": "?",
        "userDefined": false
      }
    ],
    "isTemplate": false,
    "count": 0
  }
]