[
  {
    "id": "354123d8-b3ed-44bd-8cf6-f505696979d9",
    "data": [
      {
        "text": "can you explain more on the NRT",
        "alias": "NRT",
        "meta": "@NRT",
        "userDefined": false
      },
      {
        "text": "?",
        "userDefined": false
      }
    ],
    "isTemplate": false,
    "count": 0
  },
  {
    "id": "e4e0f643-6cf1-4d70-a15e-e8895a866f82",
    "data": [
      {
        "text": "tell me more about NRT",
        "alias": "NRT",
        "meta": "@NRT",
        "userDefined": true
      }
    ],
    "isTemplate": false,
    "count": 0
  },
  {
    "id": "1e910893-9ad4-4167-858a-cc5a9bbd21c2",
    "data": [
      {
        "text": "can you tell me more on NRT?",
        "alias": "NRT",
        "meta": "@NRT",
        "userDefined": true
      }
    ],
    "isTemplate": false,
    "count": 0
  },
  {
    "id": "4bb7a293-864e-4868-bf29-dab1459adfd9",
    "data": [
      {
        "text": "i don\u0027t understand",
        "userDefined": false
      }
    ],
    "isTemplate": false,
    "count": 0
  },
  {
    "id": "ab666d51-7d45-4d36-8aa8-d9031202b247",
    "data": [
      {
        "text": "explain more on NRT",
        "alias": "NRT",
        "meta": "@NRT",
        "userDefined": true
      }
    ],
    "isTemplate": false,
    "count": 0
  },
  {
    "id": "1c6afef1-a3b9-4f96-9575-feb55bba3f19",
    "data": [
      {
        "text": "how do i consume the lozenges?",
        "alias": "NRT",
        "meta": "@NRT",
        "userDefined": true
      }
    ],
    "isTemplate": false,
    "count": 0,
    "updated": 1515750047
  },
  {
    "id": "60ff3dd8-2d1e-427d-9696-2ea3897abe1e",
    "data": [
      {
        "text": "i\u0027m confused",
        "userDefined": false
      }
    ],
    "isTemplate": false,
    "count": 0
  },
  {
    "id": "3ec813b0-7150-4c9e-92ca-929e7ff09128",
    "data": [
      {
        "text": "how to NRT",
        "alias": "NRT",
        "meta": "@NRT",
        "userDefined": false
      }
    ],
    "isTemplate": false,
    "count": 0,
    "updated": 1515750047
  }
]