[
  {
    "id": "c963c4a4-b94b-4c47-8d61-8b5bd6390d2f",
    "data": [
      {
        "text": "where to get nrt",
        "alias": "NRT",
        "meta": "@NRT",
        "userDefined": false
      },
      {
        "text": "?",
        "userDefined": false
      }
    ],
    "isTemplate": false,
    "count": 0,
    "updated": 1515750788
  },
  {
    "id": "0f9052c9-d070-4e71-a4ad-1b144571ed20",
    "data": [
      {
        "text": "how do i buy ",
        "userDefined": false
      },
      {
        "text": "NRT",
        "alias": "NRT",
        "meta": "@NRT",
        "userDefined": false
      },
      {
        "text": "?",
        "userDefined": false
      }
    ],
    "isTemplate": false,
    "count": 1
  },
  {
    "id": "62be64a5-f013-4394-93e7-2cc5db8f212b",
    "data": [
      {
        "text": "where to get it?",
        "userDefined": false
      }
    ],
    "isTemplate": false,
    "count": 0
  },
  {
    "id": "fb215871-84ec-48c0-8b09-6666671c68d9",
    "data": [
      {
        "text": "where NRT",
        "alias": "NRT",
        "meta": "@NRT",
        "userDefined": false
      }
    ],
    "isTemplate": false,
    "count": 0,
    "updated": 1515750788
  },
  {
    "id": "4e7d25d3-ccfb-4d53-b3ee-43e56b5bfb60",
    "data": [
      {
        "text": "where to buy?",
        "userDefined": false
      }
    ],
    "isTemplate": false,
    "count": 0
  },
  {
    "id": "3ea3a249-c2e1-43e2-ba61-50314e05e6af",
    "data": [
      {
        "text": "where can i get nrt",
        "alias": "NRT",
        "meta": "@NRT",
        "userDefined": false
      },
      {
        "text": "?",
        "userDefined": false
      }
    ],
    "isTemplate": false,
    "count": 0,
    "updated": 1515750788
  },
  {
    "id": "01809373-47bd-441f-8614-ed2c35c2e4b0",
    "data": [
      {
        "text": "i need NRT",
        "alias": "NRT",
        "meta": "@NRT",
        "userDefined": false
      }
    ],
    "isTemplate": false,
    "count": 0,
    "updated": 1515750788
  },
  {
    "id": "e678e6d6-f4e3-48e5-9310-ff1cc247bc6b",
    "data": [
      {
        "text": "where to find NRT",
        "alias": "NRT",
        "meta": "@NRT",
        "userDefined": true
      },
      {
        "text": "?",
        "userDefined": false
      }
    ],
    "isTemplate": false,
    "count": 0,
    "updated": 1515750788
  },
  {
    "id": "712fe939-cc93-4755-b13e-ce4d62946b47",
    "data": [
      {
        "text": "how to get NRT",
        "alias": "NRT",
        "meta": "@NRT",
        "userDefined": false
      },
      {
        "text": "?",
        "userDefined": false
      }
    ],
    "isTemplate": false,
    "count": 1,
    "updated": 1515750788
  }
]