[
  {
    "id": "55d87f66-d647-486c-9233-09ebf9cf3aa3",
    "data": [
      {
        "text": "how much price of NRT",
        "alias": "NRT",
        "meta": "@NRT",
        "userDefined": false
      },
      {
        "text": "?",
        "userDefined": false
      }
    ],
    "isTemplate": false,
    "count": 0
  },
  {
    "id": "fd30a97a-331a-4513-83a6-2bd5dec83d67",
    "data": [
      {
        "text": "how much money i need for NRT",
        "alias": "NRT",
        "meta": "@NRT",
        "userDefined": false
      }
    ],
    "isTemplate": false,
    "count": 0
  },
  {
    "id": "f462bb15-b3c0-4e63-a2ce-4d7af51e744b",
    "data": [
      {
        "text": "what is the price?",
        "userDefined": false
      }
    ],
    "isTemplate": false,
    "count": 0
  },
  {
    "id": "3f431adf-c171-4e6d-8918-0d21b9e241a0",
    "data": [
      {
        "text": "how much is the price for NRT",
        "alias": "NRT",
        "meta": "@NRT",
        "userDefined": false
      }
    ],
    "isTemplate": false,
    "count": 0,
    "updated": 1515751139
  },
  {
    "id": "4c225e22-a038-40eb-8554-23787c439827",
    "data": [
      {
        "text": "i ",
        "userDefined": false
      },
      {
        "text": "want to buy NRT",
        "alias": "NRT",
        "meta": "@NRT",
        "userDefined": true
      }
    ],
    "isTemplate": false,
    "count": 0
  },
  {
    "id": "d7dcd977-4976-4268-bc31-62c4ea0fd163",
    "data": [
      {
        "text": "NRT price",
        "alias": "NRT",
        "meta": "@NRT",
        "userDefined": false
      }
    ],
    "isTemplate": false,
    "count": 0,
    "updated": 1515751139
  },
  {
    "id": "f915ef44-1cab-40a0-8ed3-45206dbb2783",
    "data": [
      {
        "text": "how much?",
        "userDefined": false
      }
    ],
    "isTemplate": false,
    "count": 0
  },
  {
    "id": "582dd57c-0eb0-41ec-bdce-8e36a3bcaa10",
    "data": [
      {
        "text": "is nrt expensive?",
        "alias": "NRT",
        "meta": "@NRT",
        "userDefined": false
      }
    ],
    "isTemplate": false,
    "count": 0,
    "updated": 1515751139
  },
  {
    "id": "7e0d0c69-3cc3-40df-9724-4f4d38be08ab",
    "data": [
      {
        "text": "what is the price of the NRT",
        "alias": "NRT",
        "meta": "@NRT",
        "userDefined": false
      },
      {
        "text": "?",
        "userDefined": false
      }
    ],
    "isTemplate": false,
    "count": 0,
    "updated": 1515751139
  }
]