[
  {
    "id": "2b099d54-fd41-4dc5-81ad-056b3a98697c",
    "data": [
      {
        "text": "what is NRT product?",
        "alias": "nrtexample",
        "meta": "@nrtexample",
        "userDefined": false
      }
    ],
    "isTemplate": false,
    "count": 1,
    "updated": 1515851128
  },
  {
    "id": "e490856f-2ec7-4f3b-ac74-0e238673b2e0",
    "data": [
      {
        "text": "what kind of nrt",
        "alias": "nrtexample",
        "meta": "@nrtexample",
        "userDefined": false
      }
    ],
    "isTemplate": false,
    "count": 0
  },
  {
    "id": "ec596aeb-626c-427d-9092-107d2e4c9af5",
    "data": [
      {
        "text": "NRT comes in what form",
        "alias": "nrtexample",
        "meta": "@nrtexample",
        "userDefined": false
      }
    ],
    "isTemplate": false,
    "count": 0
  },
  {
    "id": "c72106f2-78cb-4717-a3f7-8d51b556e26a",
    "data": [
      {
        "text": "tell me product of NRT",
        "alias": "nrtexample",
        "meta": "@nrtexample",
        "userDefined": false
      }
    ],
    "isTemplate": false,
    "count": 0,
    "updated": 1515851128
  },
  {
    "id": "d9b4dda7-7033-4c9f-b78b-bc3ce1033d69",
    "data": [
      {
        "text": "give me few example of NRT",
        "alias": "nrtexample",
        "meta": "@nrtexample",
        "userDefined": false
      }
    ],
    "isTemplate": false,
    "count": 0
  },
  {
    "id": "e64e8079-2173-45b5-ad11-0ba6cf3cb095",
    "data": [
      {
        "text": "how do nrt look like?",
        "alias": "nrtexample",
        "meta": "@nrtexample",
        "userDefined": false
      }
    ],
    "isTemplate": false,
    "count": 0
  },
  {
    "id": "36fceaaa-1534-4c7d-8546-647aa0f7930f",
    "data": [
      {
        "text": "how to ",
        "userDefined": false
      },
      {
        "text": "consume nrt",
        "alias": "nrtexample",
        "meta": "@nrtexample",
        "userDefined": false
      },
      {
        "text": "?",
        "userDefined": false
      }
    ],
    "isTemplate": false,
    "count": 1
  },
  {
    "id": "f4b7aa3e-1c0a-45af-bdcb-3c863ae77b26",
    "data": [
      {
        "text": "what ",
        "userDefined": false
      },
      {
        "text": "type of NRT",
        "alias": "nrtexample",
        "meta": "@nrtexample",
        "userDefined": false
      }
    ],
    "isTemplate": false,
    "count": 0
  },
  {
    "id": "39ba310d-fb24-4540-8fd8-b3f66208d68c",
    "data": [
      {
        "text": "give me example of nrt",
        "alias": "nrtexample",
        "meta": "@nrtexample",
        "userDefined": false
      }
    ],
    "isTemplate": false,
    "count": 0,
    "updated": 1515851128
  }
]