[
  {
    "id": "0a4182fd-f203-43cb-bda3-96ed7f30fdd7",
    "data": [
      {
        "text": "what ",
        "userDefined": false
      },
      {
        "text": "medicine",
        "alias": "medicine",
        "meta": "@medicine",
        "userDefined": false
      },
      {
        "text": "?",
        "userDefined": false
      }
    ],
    "isTemplate": false,
    "count": 0
  },
  {
    "id": "ae4709da-bf36-4e52-91cc-ef2bac642f7a",
    "data": [
      {
        "text": "explain ",
        "userDefined": false
      },
      {
        "text": "point 3",
        "alias": "medicine",
        "meta": "@medicine",
        "userDefined": true
      }
    ],
    "isTemplate": false,
    "count": 0
  },
  {
    "id": "5c831dcc-0d06-47df-aa7a-1920df31294e",
    "data": [
      {
        "text": "what type of ",
        "userDefined": false
      },
      {
        "text": "medicine",
        "alias": "medicine",
        "meta": "@medicine",
        "userDefined": false
      },
      {
        "text": " i can use?",
        "userDefined": false
      }
    ],
    "isTemplate": false,
    "count": 0
  },
  {
    "id": "bb970bbd-a4e3-497d-a8d4-26918118f503",
    "data": [
      {
        "text": "explain more on medicine",
        "alias": "medicine",
        "meta": "@medicine",
        "userDefined": false
      }
    ],
    "isTemplate": false,
    "count": 0
  },
  {
    "id": "cd088173-74fb-4823-a7fb-ca538eb26501",
    "data": [
      {
        "text": "what is the ",
        "userDefined": false
      },
      {
        "text": "third point",
        "alias": "medicine",
        "meta": "@medicine",
        "userDefined": true
      },
      {
        "text": "?",
        "userDefined": false
      }
    ],
    "isTemplate": false,
    "count": 0
  },
  {
    "id": "d8ba0b84-0ac3-41b4-ad27-a0334795da6f",
    "data": [
      {
        "text": "point number three",
        "alias": "medicine",
        "meta": "@medicine",
        "userDefined": true
      }
    ],
    "isTemplate": false,
    "count": 0
  },
  {
    "id": "09dff4ee-a254-46d4-86bb-fd71affbd509",
    "data": [
      {
        "text": "what you mean by medicine?",
        "alias": "medicine",
        "meta": "@medicine",
        "userDefined": true
      }
    ],
    "isTemplate": false,
    "count": 0
  }
]