[
  {
    "id": "02034b6f-bafc-4950-8719-9d9969233f8c",
    "data": [
      {
        "text": "yeah of course",
        "userDefined": false
      }
    ],
    "isTemplate": false,
    "count": 0,
    "updated": 1515759294
  },
  {
    "id": "0a9b6b57-8d87-40f6-8999-1effbd53eb3f",
    "data": [
      {
        "text": "okay",
        "userDefined": false
      }
    ],
    "isTemplate": false,
    "count": 0,
    "updated": 1515759294
  },
  {
    "id": "72ca4575-7c63-42df-8684-110d1a0782ed",
    "data": [
      {
        "text": "i would love to",
        "userDefined": false
      }
    ],
    "isTemplate": false,
    "count": 0,
    "updated": 1515759294
  },
  {
    "id": "f89510f4-3b57-4082-84f5-a6f1efc42fc6",
    "data": [
      {
        "text": "Yes, Doctor ",
        "userDefined": false
      },
      {
        "text": "Vic",
        "alias": "given-name",
        "meta": "@sys.given-name",
        "userDefined": false
      }
    ],
    "isTemplate": false,
    "count": 0,
    "updated": 1515759294
  },
  {
    "id": "e78b75ca-0113-4fa7-9c7a-0e39247feab3",
    "data": [
      {
        "text": "yes",
        "userDefined": false
      }
    ],
    "isTemplate": false,
    "count": 0,
    "updated": 1515759294
  },
  {
    "id": "a611c1da-25db-4499-abc0-eec51054df89",
    "data": [
      {
        "text": "proceed",
        "userDefined": false
      }
    ],
    "isTemplate": false,
    "count": 0,
    "updated": 1515759294
  },
  {
    "id": "1aa7fce5-d2f6-4208-b501-d811aa74c5ae",
    "data": [
      {
        "text": "i would love to know",
        "userDefined": false
      }
    ],
    "isTemplate": false,
    "count": 0,
    "updated": 1515759294
  },
  {
    "id": "939ba264-fe50-4340-9cda-c9e8ac5a4bb6",
    "data": [
      {
        "text": "yes Dr. ",
        "userDefined": false
      },
      {
        "text": "Vic",
        "alias": "given-name",
        "meta": "@sys.given-name",
        "userDefined": false
      }
    ],
    "isTemplate": false,
    "count": 0,
    "updated": 1515759294
  },
  {
    "id": "085ba123-0d33-47bb-9d6c-ea80bac9a3d7",
    "data": [
      {
        "text": "sure",
        "userDefined": false
      }
    ],
    "isTemplate": false,
    "count": 1,
    "updated": 1515759294
  },
  {
    "id": "523b8326-1e25-42f5-a24d-68f83d622950",
    "data": [
      {
        "text": "go on",
        "userDefined": false
      }
    ],
    "isTemplate": false,
    "count": 0,
    "updated": 1515759294
  },
  {
    "id": "0952b6e8-4d79-46bb-a37b-a97b727ec1ad",
    "data": [
      {
        "text": "yes please",
        "userDefined": false
      }
    ],
    "isTemplate": false,
    "count": 0,
    "updated": 1515759294
  },
  {
    "id": "81276c55-4de2-457a-8fda-59b996e52d9a",
    "data": [
      {
        "text": "yeah sure",
        "userDefined": false
      }
    ],
    "isTemplate": false,
    "count": 0,
    "updated": 1515759294
  },
  {
    "id": "b914d46e-655f-4c99-b002-3b79c2c377f3",
    "data": [
      {
        "text": "continue",
        "userDefined": false
      }
    ],
    "isTemplate": false,
    "count": 0,
    "updated": 1515759294
  },
  {
    "id": "0d0607c7-ead6-4b63-8431-1e1c0596c6f5",
    "data": [
      {
        "text": "why not",
        "userDefined": false
      }
    ],
    "isTemplate": false,
    "count": 0,
    "updated": 1515759294
  }
]