[
  {
    "id": "e30f793e-9457-4b74-9639-98b273e46f61",
    "data": [
      {
        "text": "tell me more about Bupropion",
        "alias": "bupropion",
        "meta": "@bupropion",
        "userDefined": false
      }
    ],
    "isTemplate": false,
    "count": 0
  },
  {
    "id": "f5783928-62d3-405c-b661-dff678a03814",
    "data": [
      {
        "text": "what is that?",
        "userDefined": false
      }
    ],
    "isTemplate": false,
    "count": 0
  },
  {
    "id": "cd723578-bae0-44be-a9e3-bb2700afb5b0",
    "data": [
      {
        "text": "tell me",
        "userDefined": false
      }
    ],
    "isTemplate": false,
    "count": 0
  },
  {
    "id": "78b80ba4-6d7a-41fc-adbd-dd7130a8352d",
    "data": [
      {
        "text": "what is bupropin",
        "alias": "bupropion",
        "meta": "@bupropion",
        "userDefined": true
      }
    ],
    "isTemplate": false,
    "count": 0
  },
  {
    "id": "cb8a9b2f-c00c-4d56-a7ed-bbf85351d5b7",
    "data": [
      {
        "text": "what is it?",
        "userDefined": false
      }
    ],
    "isTemplate": false,
    "count": 0
  },
  {
    "id": "642bf848-7073-4ce3-be0b-29d555f4d194",
    "data": [
      {
        "text": "explain it to me",
        "userDefined": false
      }
    ],
    "isTemplate": false,
    "count": 0
  },
  {
    "id": "1c905cc0-79cc-4f12-84be-97f0724c6e33",
    "data": [
      {
        "text": "information on bupropion",
        "alias": "bupropion",
        "meta": "@bupropion",
        "userDefined": false
      }
    ],
    "isTemplate": false,
    "count": 0
  },
  {
    "id": "bd89d2e3-eeb5-49df-a062-d173489cfdce",
    "data": [
      {
        "text": "tell me more about it",
        "userDefined": false
      }
    ],
    "isTemplate": false,
    "count": 0
  },
  {
    "id": "9a0e38ee-7f6b-4799-af67-6d63febb8c5c",
    "data": [
      {
        "text": "what do you mean by bupropion",
        "alias": "bupropion",
        "meta": "@bupropion",
        "userDefined": true
      },
      {
        "text": "?",
        "userDefined": false
      }
    ],
    "isTemplate": false,
    "count": 0,
    "updated": 1515752601
  },
  {
    "id": "0b0f84ff-24b0-4efe-968a-960e37fd7a73",
    "data": [
      {
        "text": "what is bupropion",
        "alias": "bupropion",
        "meta": "@bupropion",
        "userDefined": true
      },
      {
        "text": "?",
        "userDefined": false
      }
    ],
    "isTemplate": false,
    "count": 0,
    "updated": 1515752601
  },
  {
    "id": "220c9cd4-35c6-4d10-96de-22ac9ff1abd6",
    "data": [
      {
        "text": "exactly what it is?",
        "userDefined": false
      }
    ],
    "isTemplate": false,
    "count": 0
  },
  {
    "id": "c9271cd9-9e3d-4069-a2cf-b1a2c32b7922",
    "data": [
      {
        "text": "what is bupropion",
        "alias": "bupropion",
        "meta": "@bupropion",
        "userDefined": false
      }
    ],
    "isTemplate": false,
    "count": 0
  },
  {
    "id": "34a0b6ab-7d86-45bf-8980-ea795b9ad2b0",
    "data": [
      {
        "text": "bupropion what?",
        "alias": "bupropion",
        "meta": "@bupropion",
        "userDefined": false
      }
    ],
    "isTemplate": false,
    "count": 0
  },
  {
    "id": "4eccdbb6-7706-4bb8-8395-32fdb4ae2df5",
    "data": [
      {
        "text": "bupropion",
        "alias": "bupropion",
        "meta": "@bupropion",
        "userDefined": false
      }
    ],
    "isTemplate": false,
    "count": 0
  },
  {
    "id": "15663f87-a47b-4654-9a10-daa2a185bd34",
    "data": [
      {
        "text": "can you described it to me",
        "userDefined": false
      }
    ],
    "isTemplate": false,
    "count": 0
  },
  {
    "id": "72e4485f-fdc5-4d4a-96b3-24891c071bbe",
    "data": [
      {
        "text": "i would like to know more about bupropion",
        "alias": "bupropion",
        "meta": "@bupropion",
        "userDefined": false
      }
    ],
    "isTemplate": false,
    "count": 0
  }
]