[
  {
    "id": "bdf0a025-136c-4812-8e46-76ce43d2b40a",
    "data": [
      {
        "text": "what is the price of the ",
        "userDefined": false
      },
      {
        "text": "medicine",
        "meta": "@sys.ignore",
        "userDefined": false
      },
      {
        "text": "?",
        "userDefined": false
      }
    ],
    "isTemplate": false,
    "count": 0,
    "updated": 1515760268
  },
  {
    "id": "306263d2-0106-426f-ab31-1d779bb59648",
    "data": [
      {
        "text": "what is the price?",
        "userDefined": false
      }
    ],
    "isTemplate": false,
    "count": 0,
    "updated": 1515760268
  },
  {
    "id": "49bf065d-969c-42da-bdd8-fa1810033080",
    "data": [
      {
        "text": "what is the cost?",
        "userDefined": false
      }
    ],
    "isTemplate": false,
    "count": 0,
    "updated": 1515760268
  },
  {
    "id": "4bb807ab-215b-49cd-8c1a-8c310c39a6fb",
    "data": [
      {
        "text": "how much money i need to buy it?",
        "userDefined": false
      }
    ],
    "isTemplate": false,
    "count": 0,
    "updated": 1515760268
  },
  {
    "id": "886c5301-d7eb-4ad9-8eea-64f50a27bae7",
    "data": [
      {
        "text": "is it cheap?",
        "userDefined": false
      }
    ],
    "isTemplate": false,
    "count": 0,
    "updated": 1515760268
  },
  {
    "id": "91fd8b05-d4c3-4ca5-b18f-2d51e1011913",
    "data": [
      {
        "text": "is it expensive?",
        "userDefined": false
      }
    ],
    "isTemplate": false,
    "count": 0,
    "updated": 1515760268
  },
  {
    "id": "c0b0b336-97df-4201-a1a6-8b3d1a5f7759",
    "data": [
      {
        "text": "how much is the price?",
        "userDefined": false
      }
    ],
    "isTemplate": false,
    "count": 1,
    "updated": 1515760268
  },
  {
    "id": "13a0810c-6866-4053-a005-1d9ec7f43d6a",
    "data": [
      {
        "text": "how much does it cost?",
        "userDefined": false
      }
    ],
    "isTemplate": false,
    "count": 0,
    "updated": 1515760268
  }
]