[
  {
    "id": "e17a041d-a9f1-467e-a5de-00d28e66a510",
    "data": [
      {
        "text": "is it safe if i consume it?",
        "userDefined": false
      }
    ],
    "isTemplate": false,
    "count": 0,
    "updated": 1515760886
  },
  {
    "id": "8cb0a93c-f229-4bd5-aa30-e57377d683bd",
    "data": [
      {
        "text": "is it safe to consume?",
        "userDefined": false
      }
    ],
    "isTemplate": false,
    "count": 0,
    "updated": 1515760886
  },
  {
    "id": "28827438-4dbc-4784-925b-028b275b0d81",
    "data": [
      {
        "text": "is there any side effect?",
        "userDefined": false
      }
    ],
    "isTemplate": false,
    "count": 0
  },
  {
    "id": "244ec99f-6438-452a-a8e8-a3faebcabbf1",
    "data": [
      {
        "text": "what is the side effect of ",
        "userDefined": false
      },
      {
        "text": "bupropion",
        "alias": "bupropion",
        "meta": "@bupropion",
        "userDefined": false
      }
    ],
    "isTemplate": false,
    "count": 0
  },
  {
    "id": "81045204-89a7-41b7-98a8-24a166028a65",
    "data": [
      {
        "text": "i want to know the side effect",
        "userDefined": false
      }
    ],
    "isTemplate": false,
    "count": 0,
    "updated": 1515760886
  },
  {
    "id": "f0e0b9dc-3c5f-4ccb-b63a-96ad3055cd8e",
    "data": [
      {
        "text": "is it dangerous?",
        "userDefined": false
      }
    ],
    "isTemplate": false,
    "count": 0,
    "updated": 1515760886
  },
  {
    "id": "350a7a95-07f1-4bfe-884d-e00aef254305",
    "data": [
      {
        "text": "what is the effect?",
        "userDefined": false
      }
    ],
    "isTemplate": false,
    "count": 0,
    "updated": 1515760886
  },
  {
    "id": "dd0fc6ed-be40-4f17-980f-3970cde79c7a",
    "data": [
      {
        "text": "what is the side effect?",
        "userDefined": false
      }
    ],
    "isTemplate": false,
    "count": 0,
    "updated": 1515760886
  },
  {
    "id": "d890b84c-d8b7-4ad2-a774-31470adf34e6",
    "data": [
      {
        "text": "i would like to know the effect",
        "userDefined": false
      }
    ],
    "isTemplate": false,
    "count": 0,
    "updated": 1515760886
  }
]