[
  {
    "id": "7ad6d847-dfcc-4076-aee8-62c54cfcc8ec",
    "data": [
      {
        "text": "where can i get ",
        "userDefined": false
      },
      {
        "text": "bupropion",
        "alias": "bupropion",
        "meta": "@bupropion",
        "userDefined": false
      }
    ],
    "isTemplate": false,
    "count": 0
  },
  {
    "id": "626f3672-f927-433b-8e6c-3e2b5ab8e501",
    "data": [
      {
        "text": "i want to buy it",
        "userDefined": false
      }
    ],
    "isTemplate": false,
    "count": 0,
    "updated": 1515760678
  },
  {
    "id": "a235340f-c050-4af1-a12c-9e9051d1ccfc",
    "data": [
      {
        "text": "where to buy?",
        "userDefined": false
      }
    ],
    "isTemplate": false,
    "count": 0,
    "updated": 1515760678
  },
  {
    "id": "23d6953f-92e3-4c74-8442-34c60e0acd8b",
    "data": [
      {
        "text": "where to get bupropion",
        "userDefined": false
      }
    ],
    "isTemplate": false,
    "count": 0
  },
  {
    "id": "26ab876e-de91-4692-838f-cb7e14af4cf8",
    "data": [
      {
        "text": "where to get this ",
        "userDefined": false
      },
      {
        "text": "medicine",
        "alias": "medicine",
        "meta": "@medicine",
        "userDefined": false
      },
      {
        "text": "?",
        "userDefined": false
      }
    ],
    "isTemplate": false,
    "count": 0,
    "updated": 1515760678
  },
  {
    "id": "d52da153-9ef2-404e-b176-ea10e1bd6f21",
    "data": [
      {
        "text": "where can i get it?",
        "userDefined": false
      }
    ],
    "isTemplate": false,
    "count": 0,
    "updated": 1515760678
  }
]