[
  {
    "id": "58b4ead0-e0ab-4264-9e60-f7dda43a6ed2",
    "data": [
      {
        "text": "i don\u0027t want to use it",
        "userDefined": false
      }
    ],
    "isTemplate": false,
    "count": 0,
    "updated": 1515761383
  },
  {
    "id": "0d0ed197-cc2e-4796-b3df-f200d16e1284",
    "data": [
      {
        "text": "what about other ",
        "userDefined": false
      },
      {
        "text": "medicine",
        "alias": "medicine",
        "meta": "@medicine",
        "userDefined": false
      },
      {
        "text": "?",
        "userDefined": false
      }
    ],
    "isTemplate": false,
    "count": 0,
    "updated": 1515761383
  },
  {
    "id": "fd0a1807-c543-42c8-bb0c-fec165490bd9",
    "data": [
      {
        "text": "what about other drug?",
        "userDefined": false
      }
    ],
    "isTemplate": false,
    "count": 0,
    "updated": 1515761383
  },
  {
    "id": "ce55952a-e541-4418-96ba-da5426c22ed4",
    "data": [
      {
        "text": "can i use other that ",
        "userDefined": false
      },
      {
        "text": "bupropion",
        "alias": "bupropion",
        "meta": "@bupropion",
        "userDefined": false
      },
      {
        "text": "?",
        "userDefined": false
      }
    ],
    "isTemplate": false,
    "count": 1,
    "updated": 1515761383
  },
  {
    "id": "6cb00d7f-67a4-4d79-a312-4c81c350cbf2",
    "data": [
      {
        "text": "other ",
        "userDefined": false
      },
      {
        "text": "medicine",
        "alias": "medicine",
        "meta": "@medicine",
        "userDefined": false
      },
      {
        "text": "?",
        "userDefined": false
      }
    ],
    "isTemplate": false,
    "count": 0,
    "updated": 1515761383
  },
  {
    "id": "4a4be049-e039-46e0-9e47-15aae708c3dc",
    "data": [
      {
        "text": "is there other alternative besides it",
        "userDefined": false
      }
    ],
    "isTemplate": false,
    "count": 0,
    "updated": 1515761383
  },
  {
    "id": "c624e0dd-709b-4fcd-9485-0375fde546b9",
    "data": [
      {
        "text": "i don\u0027t want to use ",
        "userDefined": false
      },
      {
        "text": "bupropion",
        "alias": "bupropion",
        "meta": "@bupropion",
        "userDefined": false
      }
    ],
    "isTemplate": false,
    "count": 0,
    "updated": 1515761383
  },
  {
    "id": "f95b1ef8-05da-497c-a466-00369ac53f79",
    "data": [
      {
        "text": "is there other ",
        "userDefined": false
      },
      {
        "text": "medicine",
        "alias": "medicine",
        "meta": "@medicine",
        "userDefined": false
      },
      {
        "text": " i can use?",
        "userDefined": false
      }
    ],
    "isTemplate": false,
    "count": 0,
    "updated": 1515761383
  },
  {
    "id": "a50b0557-c711-461c-a488-a101bc133ce8",
    "data": [
      {
        "text": "is there other alternative besides ",
        "userDefined": false
      },
      {
        "text": "bupropion",
        "alias": "bupropion",
        "meta": "@bupropion",
        "userDefined": false
      }
    ],
    "isTemplate": false,
    "count": 0,
    "updated": 1515761383
  },
  {
    "id": "32ebc69e-dda2-442f-85be-a7c8b99efbfd",
    "data": [
      {
        "text": "i want to know other ",
        "userDefined": false
      },
      {
        "text": "medicine",
        "alias": "medicine",
        "meta": "@medicine",
        "userDefined": false
      }
    ],
    "isTemplate": false,
    "count": 0,
    "updated": 1515761383
  }
]