[
  {
    "id": "65245043-8240-4117-96ae-025cd5c0d83d",
    "data": [
      {
        "text": "what do you mean by ",
        "userDefined": false
      },
      {
        "text": "therapy",
        "alias": "therapy",
        "meta": "@therapy",
        "userDefined": false
      },
      {
        "text": "?",
        "userDefined": false
      }
    ],
    "isTemplate": false,
    "count": 1
  },
  {
    "id": "a3c13fb5-2c3d-4ea0-ae6f-6b717faf0376",
    "data": [
      {
        "text": "i want to know more about ",
        "userDefined": false
      },
      {
        "text": "number 4",
        "alias": "therapy",
        "meta": "@therapy",
        "userDefined": false
      }
    ],
    "isTemplate": false,
    "count": 0
  },
  {
    "id": "5c90b6f2-758b-4d34-90d6-5123fe579c35",
    "data": [
      {
        "text": "i want to know more on ",
        "userDefined": false
      },
      {
        "text": "point 4",
        "alias": "therapy",
        "meta": "@therapy",
        "userDefined": false
      }
    ],
    "isTemplate": false,
    "count": 0
  },
  {
    "id": "83a03c72-d8ef-4e65-b4bf-62dbe010058d",
    "data": [
      {
        "text": "i want to know more about ",
        "userDefined": false
      },
      {
        "text": "therapy",
        "alias": "therapy",
        "meta": "@therapy",
        "userDefined": false
      }
    ],
    "isTemplate": false,
    "count": 0
  },
  {
    "id": "fca13fab-167b-400a-90b4-04c64d318f00",
    "data": [
      {
        "text": "therapy",
        "alias": "therapy",
        "meta": "@therapy",
        "userDefined": false
      },
      {
        "text": "?",
        "userDefined": false
      }
    ],
    "isTemplate": false,
    "count": 0
  },
  {
    "id": "e1ed8616-737e-4dc2-a09b-a1afb1b7c361",
    "data": [
      {
        "text": "what is ",
        "userDefined": false
      },
      {
        "text": "therapy",
        "alias": "therapy",
        "meta": "@therapy",
        "userDefined": false
      },
      {
        "text": "?",
        "userDefined": false
      }
    ],
    "isTemplate": false,
    "count": 0
  }
]