[
  {
    "id": "b7c3b329-d4e1-46d2-9ae4-a599b531f9d6",
    "data": [
      {
        "text": "i want to see a therapist",
        "userDefined": false
      }
    ],
    "isTemplate": false,
    "count": 0,
    "updated": 1515763108
  },
  {
    "id": "6db7a224-1354-456a-9c6d-43a696214b0a",
    "data": [
      {
        "text": "where can i get ",
        "userDefined": false
      },
      {
        "text": "therapy",
        "alias": "therapy",
        "meta": "@therapy",
        "userDefined": false
      },
      {
        "text": " session",
        "userDefined": false
      }
    ],
    "isTemplate": false,
    "count": 0,
    "updated": 1515763108
  },
  {
    "id": "f52bb5bb-9317-408e-8e7a-266582c7de17",
    "data": [
      {
        "text": "i want to see a counselor",
        "userDefined": false
      }
    ],
    "isTemplate": false,
    "count": 0,
    "updated": 1515763108
  },
  {
    "id": "fb235443-42ee-42cc-b347-bbda36f0b917",
    "data": [
      {
        "text": "i want to have ",
        "userDefined": false
      },
      {
        "text": "therapy",
        "alias": "therapy",
        "meta": "@therapy",
        "userDefined": false
      }
    ],
    "isTemplate": false,
    "count": 0,
    "updated": 1515763108
  },
  {
    "id": "969002cc-e43c-452e-bc76-07f71f5d95df",
    "data": [
      {
        "text": "how to get ",
        "userDefined": false
      },
      {
        "text": "therapy",
        "alias": "therapy",
        "meta": "@therapy",
        "userDefined": false
      },
      {
        "text": "?",
        "userDefined": false
      }
    ],
    "isTemplate": false,
    "count": 0,
    "updated": 1515763108
  },
  {
    "id": "fcfae9f0-f82d-470a-9d66-22fcdf04f380",
    "data": [
      {
        "text": "where can i get ",
        "userDefined": false
      },
      {
        "text": "therapy",
        "alias": "therapy",
        "meta": "@therapy",
        "userDefined": false
      },
      {
        "text": "?",
        "userDefined": false
      }
    ],
    "isTemplate": false,
    "count": 0,
    "updated": 1515763108
  }
]