[
  {
    "id": "0251c1c6-be42-437e-b5be-0136eafc22d0",
    "data": [
      {
        "text": "what do you mean by it?",
        "userDefined": false
      }
    ],
    "isTemplate": false,
    "count": 1
  },
  {
    "id": "4dad9f51-e14b-4124-9d0b-de45b79b7149",
    "data": [
      {
        "text": "give me example of ",
        "userDefined": false
      },
      {
        "text": "situational trigger",
        "alias": "situational_trigger",
        "meta": "@situational_trigger",
        "userDefined": false
      }
    ],
    "isTemplate": false,
    "count": 0
  },
  {
    "id": "9aeaf62e-aab5-44b8-948a-cd4f88f4e66a",
    "data": [
      {
        "text": "what is ",
        "userDefined": false
      },
      {
        "text": "situational trigger",
        "alias": "situational_trigger",
        "meta": "@situational_trigger",
        "userDefined": false
      }
    ],
    "isTemplate": false,
    "count": 0
  },
  {
    "id": "a66d8963-bb37-4161-9ad4-6bf989c293c1",
    "data": [
      {
        "text": "explain to me ",
        "userDefined": false
      },
      {
        "text": "situational trigger",
        "alias": "situational_trigger",
        "meta": "@situational_trigger",
        "userDefined": false
      }
    ],
    "isTemplate": false,
    "count": 0
  }
]