[
  {
    "id": "1768e575-9c49-48fd-a141-137ee197937c",
    "data": [
      {
        "text": "give me example of ",
        "userDefined": false
      },
      {
        "text": "emotional trigger",
        "alias": "emotional-trigger",
        "meta": "@emotional-trigger",
        "userDefined": false
      }
    ],
    "isTemplate": false,
    "count": 0
  },
  {
    "id": "407e703f-f45f-443c-8254-5b02894cca45",
    "data": [
      {
        "text": "can you tell me more about ",
        "userDefined": false
      },
      {
        "text": "emotional trigger",
        "alias": "emotional-trigger",
        "meta": "@emotional-trigger",
        "userDefined": false
      }
    ],
    "isTemplate": false,
    "count": 0
  },
  {
    "id": "e4f9b071-dc07-437f-a954-0b263de8747d",
    "data": [
      {
        "text": "what is ",
        "userDefined": false
      },
      {
        "text": "emotional trigger",
        "alias": "emotional-trigger",
        "meta": "@emotional-trigger",
        "userDefined": false
      },
      {
        "text": "?",
        "userDefined": false
      }
    ],
    "isTemplate": false,
    "count": 0
  },
  {
    "id": "49ac8db0-e9f8-4a2c-a929-67aaaedf15ee",
    "data": [
      {
        "text": "what do you mean by ",
        "userDefined": false
      },
      {
        "text": "emotional trigger",
        "alias": "emotional-trigger",
        "meta": "@emotional-trigger",
        "userDefined": false
      }
    ],
    "isTemplate": false,
    "count": 0
  }
]