[
  {
    "id": "99d8d500-8a76-4844-98e2-c31482ba62fe",
    "data": [
      {
        "text": "point 5",
        "alias": "alternative",
        "meta": "@alternative",
        "userDefined": true
      }
    ],
    "isTemplate": false,
    "count": 0
  },
  {
    "id": "0c5320cf-22be-41c2-b5d5-389489b13e76",
    "data": [
      {
        "text": "explain more on ",
        "userDefined": false
      },
      {
        "text": "alternative",
        "alias": "alternative",
        "meta": "@alternative",
        "userDefined": false
      },
      {
        "text": " ways",
        "userDefined": false
      }
    ],
    "isTemplate": false,
    "count": 0
  },
  {
    "id": "18f169eb-fc7e-48ae-bc3c-593c449226ae",
    "data": [
      {
        "text": "what do you mean by ",
        "userDefined": false
      },
      {
        "text": "alternative",
        "alias": "alternative",
        "meta": "@alternative",
        "userDefined": true
      },
      {
        "text": "?",
        "userDefined": false
      }
    ],
    "isTemplate": false,
    "count": 0,
    "updated": 1515764403
  },
  {
    "id": "3f2a90d4-472b-4125-9cb9-f003c4d8292b",
    "data": [
      {
        "text": "what is the ",
        "userDefined": false
      },
      {
        "text": "final point",
        "alias": "alternative",
        "meta": "@alternative",
        "userDefined": true
      },
      {
        "text": " about?",
        "userDefined": false
      }
    ],
    "isTemplate": false,
    "count": 0
  },
  {
    "id": "5af51c01-e6ec-4567-8bc2-14350ecfa621",
    "data": [
      {
        "text": "what is ",
        "userDefined": false
      },
      {
        "text": "alternative",
        "alias": "alternative",
        "meta": "@alternative",
        "userDefined": false
      },
      {
        "text": "?",
        "userDefined": false
      }
    ],
    "isTemplate": false,
    "count": 0
  }
]