[
  {
    "id": "a256a850-6d65-47ab-ba76-569c42b0ea6e",
    "data": [
      {
        "text": "why limited scientific evidence?",
        "userDefined": false
      }
    ],
    "isTemplate": false,
    "count": 0
  },
  {
    "id": "840e1ad6-dde8-4e5d-bf1d-866c01012e97",
    "data": [
      {
        "text": "why is that?",
        "userDefined": false
      }
    ],
    "isTemplate": false,
    "count": 0
  },
  {
    "id": "d8d8b5e5-e924-4cb9-aaf1-43b84bc0ef2d",
    "data": [
      {
        "text": "why?",
        "userDefined": false
      }
    ],
    "isTemplate": false,
    "count": 0
  },
  {
    "id": "d36e5d66-af07-42c3-a9ea-7744cb777092",
    "data": [
      {
        "text": "why there is limited scientific evidence?",
        "userDefined": false
      }
    ],
    "isTemplate": false,
    "count": 0
  },
  {
    "id": "13a4624e-5de2-45b5-82a0-4094df84d0dd",
    "data": [
      {
        "text": "why would you say that?",
        "userDefined": false
      }
    ],
    "isTemplate": false,
    "count": 0
  }
]