[
  {
    "id": "2fc46300-3778-4099-a9b3-bc521ed11735",
    "data": [
      {
        "text": "give example of ",
        "userDefined": false
      },
      {
        "text": "herbal supplement",
        "alias": "herbal-supplement",
        "meta": "@herbal-supplement",
        "userDefined": false
      }
    ],
    "isTemplate": false,
    "count": 0
  },
  {
    "id": "56dba58b-f74c-4291-9d17-481f7acc8fbf",
    "data": [
      {
        "text": "why kind of ",
        "userDefined": false
      },
      {
        "text": "herbal supplement?",
        "alias": "herbal-supplement",
        "meta": "@herbal-supplement",
        "userDefined": true
      }
    ],
    "isTemplate": false,
    "count": 0,
    "updated": 1515845921
  },
  {
    "id": "85c232f3-c1d9-4df1-ac76-0f34e49f75d3",
    "data": [
      {
        "text": "what is ",
        "userDefined": false
      },
      {
        "text": "herbal supplement",
        "alias": "herbal-supplement",
        "meta": "@herbal-supplement",
        "userDefined": false
      }
    ],
    "isTemplate": false,
    "count": 0
  },
  {
    "id": "1fa0707d-486e-426d-929a-b15ae9e415ee",
    "data": [
      {
        "text": "what ",
        "userDefined": false
      },
      {
        "text": "herbal supplement",
        "alias": "herbal-supplement",
        "meta": "@herbal-supplement",
        "userDefined": false
      },
      {
        "text": "?",
        "userDefined": false
      }
    ],
    "isTemplate": false,
    "count": 0
  },
  {
    "id": "83c1ba03-dcb5-44d2-8ac3-f61656f6aea2",
    "data": [
      {
        "text": "supplement?",
        "userDefined": false
      }
    ],
    "isTemplate": false,
    "count": 0
  }
]