[
  {
    "id": "474fe0d4-ec38-4b94-b336-2a0e9e4c4ad1",
    "data": [
      {
        "text": "what do you mean by ",
        "userDefined": false
      },
      {
        "text": "GABA",
        "alias": "GABA",
        "meta": "@GABA",
        "userDefined": false
      }
    ],
    "isTemplate": false,
    "count": 0
  },
  {
    "id": "53ab0e34-a3e9-4b94-bbe3-7696df36d7df",
    "data": [
      {
        "text": "what is ",
        "userDefined": false
      },
      {
        "text": "GABA",
        "alias": "GABA",
        "meta": "@GABA",
        "userDefined": false
      }
    ],
    "isTemplate": false,
    "count": 0
  },
  {
    "id": "535640ad-bf0c-46b2-8f6e-bec45d8c7d4f",
    "data": [
      {
        "text": "GABA",
        "alias": "GABA",
        "meta": "@GABA",
        "userDefined": false
      },
      {
        "text": "? what is that?",
        "userDefined": false
      }
    ],
    "isTemplate": false,
    "count": 0
  }
]