[
  {
    "id": "68c2f41c-08d8-4b3a-9f53-aabf6cf0c335",
    "data": [
      {
        "text": "what kind of ",
        "userDefined": false
      },
      {
        "text": "practices",
        "alias": "practises",
        "meta": "@practises",
        "userDefined": false
      },
      {
        "text": " do you mean?",
        "userDefined": false
      }
    ],
    "isTemplate": false,
    "count": 0
  },
  {
    "id": "159012dc-4ddd-4359-88c0-9990599c0179",
    "data": [
      {
        "text": "what kind of ",
        "userDefined": false
      },
      {
        "text": "practices",
        "alias": "practises",
        "meta": "@practises",
        "userDefined": false
      },
      {
        "text": "?",
        "userDefined": false
      }
    ],
    "isTemplate": false,
    "count": 0
  },
  {
    "id": "48a7aed6-ffd3-4446-9d6b-34b57b1cb398",
    "data": [
      {
        "text": "what is other ",
        "userDefined": false
      },
      {
        "text": "practices",
        "alias": "practises",
        "meta": "@practises",
        "userDefined": false
      },
      {
        "text": " i can do?",
        "userDefined": false
      }
    ],
    "isTemplate": false,
    "count": 0
  }
]