[
  {
    "id": "1e596b92-9093-478b-b226-7419e2d52f44",
    "data": [
      {
        "text": "meditation",
        "alias": "meditate",
        "meta": "@meditate",
        "userDefined": false
      }
    ],
    "isTemplate": false,
    "count": 0,
    "updated": 1515847322
  },
  {
    "id": "4d7f87e9-472b-43c7-b4f5-4b16165a7521",
    "data": [
      {
        "text": "how do ",
        "userDefined": false
      },
      {
        "text": "meditate",
        "alias": "meditate",
        "meta": "@meditate",
        "userDefined": false
      },
      {
        "text": "?",
        "userDefined": false
      }
    ],
    "isTemplate": false,
    "count": 0,
    "updated": 1515847322
  },
  {
    "id": "2c69d3d7-04db-4127-9f41-004f0ce81d8e",
    "data": [
      {
        "text": "why ",
        "userDefined": false
      },
      {
        "text": "meditate",
        "alias": "meditate",
        "meta": "@meditate",
        "userDefined": false
      },
      {
        "text": "?",
        "userDefined": false
      }
    ],
    "isTemplate": false,
    "count": 0,
    "updated": 1515847322
  },
  {
    "id": "f11f604d-ec6c-4576-9858-f2f4e6fb07ff",
    "data": [
      {
        "text": "meditate",
        "alias": "meditate",
        "meta": "@meditate",
        "userDefined": false
      }
    ],
    "isTemplate": false,
    "count": 0,
    "updated": 1515847322
  }
]