[
  {
    "id": "bd7bba22-9d30-42a0-a3b1-c215236002aa",
    "data": [
      {
        "text": "talk to me",
        "userDefined": false
      }
    ],
    "isTemplate": false,
    "count": 0,
    "updated": 1517927959
  },
  {
    "id": "ed1e3070-57ed-4f35-9b09-8d5159653604",
    "data": [
      {
        "text": "what can you do?",
        "userDefined": false
      }
    ],
    "isTemplate": false,
    "count": 0,
    "updated": 1517927959
  },
  {
    "id": "90f27892-f4ae-4a3c-8850-7260fbdde5e0",
    "data": [
      {
        "text": "give tips",
        "userDefined": false
      }
    ],
    "isTemplate": false,
    "count": 0,
    "updated": 1517927959
  },
  {
    "id": "1f0f3157-a807-474b-8391-13f246d47d8f",
    "data": [
      {
        "text": "can you give me tips on how to stop smoking?",
        "userDefined": false
      }
    ],
    "isTemplate": false,
    "count": 0,
    "updated": 1517927959
  },
  {
    "id": "9c7a61df-11d2-4abe-a0a6-294a5642c1b0",
    "data": [
      {
        "text": "i need help",
        "userDefined": false
      }
    ],
    "isTemplate": false,
    "count": 0,
    "updated": 1517927959
  },
  {
    "id": "1b4b1710-1e1b-4f98-9d6b-388c41a64b79",
    "data": [
      {
        "text": "how can you help me?",
        "userDefined": false
      }
    ],
    "isTemplate": false,
    "count": 0,
    "updated": 1517927959
  },
  {
    "id": "14b81bb6-a92f-49aa-bce6-3975e5f12fad",
    "data": [
      {
        "text": "i don\u0027t know how to stop smoking",
        "userDefined": false
      }
    ],
    "isTemplate": false,
    "count": 0,
    "updated": 1517927959
  },
  {
    "id": "0848487b-bf09-4df3-a788-3cfb2c822acc",
    "data": [
      {
        "text": "give me tips",
        "userDefined": false
      }
    ],
    "isTemplate": false,
    "count": 0,
    "updated": 1517927959
  }
]