[
  {
    "id": "4940eb12-2075-491d-b491-9a6cb8f14124",
    "data": [
      {
        "text": "effect of smoking?",
        "userDefined": false
      }
    ],
    "isTemplate": false,
    "count": 0,
    "updated": 1517928135
  },
  {
    "id": "4bafe319-b398-43d6-a86b-912767abd40f",
    "data": [
      {
        "text": "what is effect of smoking?",
        "userDefined": false
      }
    ],
    "isTemplate": false,
    "count": 0,
    "updated": 1517928135
  },
  {
    "id": "2ba261c3-c6ef-4afc-8801-eda82c7d8deb",
    "data": [
      {
        "text": "why smoking is bad?",
        "userDefined": false
      }
    ],
    "isTemplate": false,
    "count": 0,
    "updated": 1517928135
  },
  {
    "id": "865d782e-6b70-40c5-bd76-df57c63a91d1",
    "data": [
      {
        "text": "what is side effect of smoking?",
        "userDefined": false
      }
    ],
    "isTemplate": false,
    "count": 0,
    "updated": 1517928135
  }
]