[
  {
    "id": "037be240-d2a2-4be9-8c0e-321be0c16943",
    "data": [
      {
        "text": "why do i need to stop smoking",
        "userDefined": false
      }
    ],
    "isTemplate": false,
    "count": 0
  },
  {
    "id": "6f974f17-00e7-4ab5-b91d-afec5c34f2d2",
    "data": [
      {
        "text": "i\u0027ve been smoker for so long",
        "userDefined": false
      }
    ],
    "isTemplate": false,
    "count": 0,
    "updated": 1517928210
  },
  {
    "id": "37721774-5169-46ff-9301-277f4274ca75",
    "data": [
      {
        "text": "i can\u0027t stop smoking",
        "userDefined": false
      }
    ],
    "isTemplate": false,
    "count": 0
  },
  {
    "id": "015aa8cf-c177-4678-934c-b22f4bc7d5b9",
    "data": [
      {
        "text": "i cannot stop",
        "userDefined": false
      }
    ],
    "isTemplate": false,
    "count": 0
  },
  {
    "id": "4e7127a0-d00b-475f-8995-fb73c0d38abe",
    "data": [
      {
        "text": "i smoke a lot of ciggarette",
        "userDefined": false
      }
    ],
    "isTemplate": false,
    "count": 0,
    "updated": 1517928210
  },
  {
    "id": "87a36ff2-09b4-47cb-bdef-ed51515a0c9e",
    "data": [
      {
        "text": "i smoke cigarette alot",
        "userDefined": false
      }
    ],
    "isTemplate": false,
    "count": 0,
    "updated": 1517928210
  }
]